name,url
メルセデス・ベンツ,https://www.gooworld.jp/car/MERCEDES_BENZ/index.html
AMG,https://www.gooworld.jp/car/AMG/index.html
マイバッハ,https://www.gooworld.jp/car/MAYBACH/index.html
スマート,https://www.gooworld.jp/car/MCC_SMART/index.html
BMW,https://www.gooworld.jp/car/BMW/index.html
BMWアルピナ,https://www.gooworld.jp/car/BMW_ALPINA/index.html
アウディ,https://www.gooworld.jp/car/AUDI/index.html
フォルクスワーゲン,https://www.gooworld.jp/car/VOLKSWAGEN/index.html
MINI,https://www.gooworld.jp/car/MINI/index.html
オペル,https://www.gooworld.jp/car/OPEL/index.html
ポルシェ,https://www.gooworld.jp/car/PORSCHE/index.html
ヨーロッパフォード,https://www.gooworld.jp/car/EUROPE_FORD/index.html
イエス！,https://www.gooworld.jp/car/YES/index.html
ロールスロイス,https://www.gooworld.jp/car/ROLLSROYCE/index.html
ベントレー,https://www.gooworld.jp/car/BENTLEY/index.html
ジャガー,https://www.gooworld.jp/car/JAGUAR/index.html
デイムラー,https://www.gooworld.jp/car/DAIMLER/index.html
ランドローバー,https://www.gooworld.jp/car/LAND_ROVER/index.html
MG,https://www.gooworld.jp/car/MG/index.html
ローバー,https://www.gooworld.jp/car/ROVER/index.html
ロータス,https://www.gooworld.jp/car/LOTUS/index.html
アストンマーチン,https://www.gooworld.jp/car/ASTON_MARTIN/index.html
モーガン,https://www.gooworld.jp/car/MORGAN/index.html
TVR,https://www.gooworld.jp/car/TVR/index.html
フィアット,https://www.gooworld.jp/car/FIAT/index.html
アバルト,https://www.gooworld.jp/car/ABARTH/index.html
フェラーリ,https://www.gooworld.jp/car/FERRARI/index.html
ランチア,https://www.gooworld.jp/car/LANCIA/index.html
アルファロメオ,https://www.gooworld.jp/car/ALFA_ROMEO/index.html
マセラティ,https://www.gooworld.jp/car/MASERATI/index.html
ランボルギーニ,https://www.gooworld.jp/car/LAMBORGHINI/index.html
アウトビアンキ,https://www.gooworld.jp/car/AUTOBIANCHI/index.html
ルノー,https://www.gooworld.jp/car/RENAULT/index.html
プジョー,https://www.gooworld.jp/car/PEUGEOT/index.html
シトロエン,https://www.gooworld.jp/car/CITROEN/index.html
ヴェンチュリー,https://www.gooworld.jp/car/VENTURI/index.html
ボルボ,https://www.gooworld.jp/car/VOLVO/index.html
サーブ,https://www.gooworld.jp/car/SAAB/index.html
ドンカーブート,https://www.gooworld.jp/car/DONKERVOORT/index.html
キャデラック,https://www.gooworld.jp/car/CADILLAC/index.html
シボレー,https://www.gooworld.jp/car/CHEVROLET/index.html
ポンテアック,https://www.gooworld.jp/car/PONTIAC/index.html
ビュイック,https://www.gooworld.jp/car/BUICK/index.html
サターン,https://www.gooworld.jp/car/SATURN/index.html
ハマー,https://www.gooworld.jp/car/HUMMER/index.html
リンカーン,https://www.gooworld.jp/car/LINCOLN/index.html
フォード,https://www.gooworld.jp/car/FORD/index.html
マーキュリー,https://www.gooworld.jp/car/MERCURY/index.html
クライスラー,https://www.gooworld.jp/car/CHRYSLER/index.html
クライスラー・ジープ,https://www.gooworld.jp/car/CHRYSLER_JEEP/index.html
スタークラフト,https://www.gooworld.jp/car/STARCRAFT/index.html
ティアラ,https://www.gooworld.jp/car/TIARA/index.html
ヒュンダイ,https://www.gooworld.jp/car/HYUNDAI/index.html
起亜,https://www.gooworld.jp/car/KIA/index.html
大宇,https://www.gooworld.jp/car/DAEWOO/index.html
GMマティス,https://www.gooworld.jp/car/GM_MATIZ/index.html
CT&T,https://www.gooworld.jp/car/CT_T/index.html
バーキン （南アフリカ）,https://www.gooworld.jp/car/BIRKIN/index.html